HIERARCHY_ROLE__C,HIERARCHY_ROLE_USER__c,ISMANAGER__c,ISACTIVE__c,COMMENT__c
00E30000001C4uWEAS,00530000003hF6bAAE,TRUE,TRUE,
00E30000001C4uWEAS,00530000003iRiiAAE,TRUE,TRUE,
00E30000001C4uWEAS,00530000003iS5mAAE,TRUE,TRUE,
00E30000001C4uWEAS,00530000003iS5vAAE,TRUE,TRUE,
00E30000001C4uWEAS,00530000004u5VxAAI,TRUE,TRUE,
00E30000001C4ubEAC,00530000003fcC4AAI,TRUE,TRUE,
00E30000001C4ubEAC,00530000003iCaRAAU,TRUE,TRUE,
00E30000001C4ubEAC,00530000003ijj1AAA,TRUE,TRUE,
00E30000001C4ubEAC,00530000003ikUTAAY,TRUE,TRUE,
00E30000001C4ubEAC,00530000004vntQAAQ,TRUE,TRUE,
00E30000001C4ubEAC,00530000004wJkKAAU,TRUE,TRUE,
00E30000001C4ubEAC,00530000007Os9fAAC,TRUE,TRUE,
00E30000001C4ubEAC,00530000007PH6WAAW,TRUE,TRUE,
00E30000001C4ubEAC,00530000007Pd0QAAS,TRUE,TRUE,
00E30000001C4ulEAC,00530000001hDboAAE,TRUE,TRUE,
00E30000001C4uqEAC,00530000003iXyeAAE,TRUE,TRUE,
00E30000001C4uqEAC,00530000003imNMAAY,TRUE,TRUE,
00E30000001C4uqEAC,00530000004tsT2AAI,TRUE,TRUE,
00E30000001C4uqEAC,00530000004u3dCAAQ,TRUE,TRUE,
00E30000001C4uqEAC,00530000004uj9lAAA,TRUE,TRUE,
00E30000001C4uqEAC,00530000007OuasAAC,TRUE,TRUE,
00E30000001C4uqEAC,00530000007Paw7AAC,TRUE,TRUE,
00E30000001C5iCEAS,00530000001gQJuAAM,TRUE,TRUE,
00E30000001C5iHEAS,00530000001gnJnAAI,TRUE,TRUE,
00E30000001C5iMEAS,00530000001gnJmAAI,TRUE,TRUE,
00E30000001C5iREAS,00530000003hUOGAA2,TRUE,TRUE,
00E30000001C5iWEAS,00530000003iRigAAE,TRUE,TRUE,
00E30000001C5iWEAS,00530000003jVLjAAM,TRUE,TRUE,
00E30000001C5iWEAS,00530000004u6R0AAI,TRUE,TRUE,
00E30000001C5iWEAS,00530000004ufNFAAY,TRUE,TRUE,
00E30000001C5iWEAS,00530000004vRtXAAU,TRUE,TRUE,
00E30000001C5iWEAS,00530000004vRtrAAE,TRUE,TRUE,
00E30000001C5iWEAS,00530000004vZqlAAE,TRUE,TRUE,
00E30000001C5iWEAS,00530000004wDofAAE,TRUE,TRUE,
00E30000001C5iWEAS,00530000004wHFUAA2,TRUE,TRUE,
00E30000001C5iWEAS,00530000004wt1fAAA,TRUE,TRUE,
00E30000001C5iWEAS,00530000007OausAAC,TRUE,TRUE,
00E30000001C5iWEAS,00530000007PDyjAAG,TRUE,TRUE,
00E30000001C5iWEAS,00530000007PIVDAA4,TRUE,TRUE,
00E30000001C5ibEAC,005300000013PFXAA2,TRUE,TRUE,
00E30000001C5ibEAC,00530000001f83CAAQ,TRUE,TRUE,
00E30000001C5ibEAC,00530000003gGeWAAU,TRUE,TRUE,
00E30000001C5ibEAC,00530000003hSrnAAE,TRUE,TRUE,
00E30000001C5ibEAC,00530000003iQmoAAE,TRUE,TRUE,
00E30000001C5ibEAC,00530000003iwhGAAQ,TRUE,TRUE,
00E30000001C5ibEAC,00530000004v3kIAAQ,TRUE,TRUE,
00E30000001C5ibEAC,00530000004v4kiAAA,TRUE,TRUE,
00E30000001C5ibEAC,00530000004wiwaAAA,TRUE,TRUE,
00E30000001C5ibEAC,00530000007P9koAAC,TRUE,TRUE,
00E30000001C5ibEAC,00530000007PNbVAAW,TRUE,TRUE,
00E30000001C5igEAC,005300000012dOsAAI,TRUE,TRUE,
00E30000001C5igEAC,00530000001URtVAAW,TRUE,TRUE,
00E30000001C5igEAC,00530000003fdPsAAI,TRUE,TRUE,
00E30000001C5igEAC,00530000003hqgLAAQ,TRUE,TRUE,
00E30000001C5igEAC,00530000003i7fzAAA,TRUE,TRUE,
00E30000001C5igEAC,00530000003iix2AAA,TRUE,TRUE,
00E30000001C5igEAC,00530000004tQKUAA2,TRUE,TRUE,
00E30000001C5igEAC,00530000004vXdkAAE,TRUE,TRUE,
00E30000001C5igEAC,00530000004wlk3AAA,TRUE,TRUE,
00E30000001C5igEAC,00530000007Oc5cAAC,TRUE,TRUE,
00E30000001C5igEAC,00530000007Ow40AAC,TRUE,TRUE,
00E30000001C5igEAC,00530000007OzJhAAK,TRUE,TRUE,
00E30000001C5igEAC,00530000007PYzYAAW,TRUE,TRUE,
00E30000001C5ilEAC,00530000004thNmAAI,TRUE,TRUE,
00E30000001C5ilEAC,00530000004tjMqAAI,TRUE,TRUE,
00E30000001C5ilEAC,00530000004uzWHAAY,TRUE,TRUE,
00E30000001C5ilEAC,00530000004vkXkAAI,TRUE,TRUE,
00E30000001C5ilEAC,00530000004wvsMAAQ,TRUE,TRUE,
00E30000001C5ilEAC,00530000007PE0pAAG,TRUE,TRUE,
00E30000001C8YXEA0,00530000000sH6OAAU,TRUE,TRUE,
00E30000001C8YXEA0,00530000004tPYDAA2,TRUE,TRUE,
00E30000001C8YXEA0,00530000004taYLAAY,TRUE,TRUE,
00E30000001C8YXEA0,00530000004uiAdAAI,TRUE,TRUE,
00E30000001C8YXEA0,00530000004uiAtAAI,TRUE,TRUE,
00E30000001C8YXEA0,00530000004ulvXAAQ,TRUE,TRUE,
00E30000001C8YXEA0,00530000004vauFAAQ,TRUE,TRUE,
00E30000001C8YXEA0,00530000007POSZAA4,TRUE,TRUE,
00E30000001CAJFEA4,00530000003iIVGAA2,TRUE,TRUE,
00E30000001CDCHEA4,00530000004umlEAAQ,TRUE,TRUE,
00E30000001CFmBEAW,00530000003jfMwAAI,TRUE,TRUE,
00E30000001CFmLEAW,00530000000jQTEAA2,TRUE,TRUE,
00E30000001CFmLEAW,00530000003iBBHAA2,TRUE,TRUE,
00E30000001CFmLEAW,00530000003jVLeAAM,TRUE,TRUE,
00E30000001CFmLEAW,00530000004tepGAAQ,TRUE,TRUE,
00E30000001CFmLEAW,00530000004whuiAAA,TRUE,TRUE,
00E30000001CFmLEAW,00530000004x1RMAAY,TRUE,TRUE,
00E30000001CFmLEAW,00530000004x1SFAAY,TRUE,TRUE,
00E30000001CFmLEAW,00530000004xBSoAAM,TRUE,TRUE,
00E30000001CFmLEAW,00530000007PIUtAAO,TRUE,TRUE,
00E30000001CFmLEAW,00530000007PVBfAAO,TRUE,TRUE,
00E30000001CFmQEAW,00530000003iQmXAAU,TRUE,TRUE,
00E30000001CFmQEAW,00530000003iv7EAAQ,TRUE,TRUE,
00E30000001CFmQEAW,00530000003jXwkAAE,TRUE,TRUE,
00E30000001CFmQEAW,00530000004tSxWAAU,TRUE,TRUE,
00E30000001CFmQEAW,00530000004w3jQAAQ,TRUE,TRUE,
00E30000001CFmQEAW,00530000004wYfZAAU,TRUE,TRUE,
00E30000001CFmQEAW,00530000007OZxvAAG,TRUE,TRUE,
00E30000001CFmQEAW,00530000007P9l2AAC,TRUE,TRUE,
00E30000001CGOFEA4,00530000004wP6VAAU,TRUE,TRUE,
00E30000001CHikEAG,00530000004wy03AAA,TRUE,TRUE,
00E30000001CHipEAG,005300000013qfaAAA,TRUE,TRUE,
00E30000001CJlwEAG,00530000003ih0uAAA,TRUE,TRUE,
